"StartDate","EndDate","Status","Duration (in seconds)","Finished","RecordedDate","ResponseId","RecipientLastName","RecipientFirstName","RecipientEmail","ExternalReference","LocationLatitude","LocationLongitude","DistributionChannel","UserLanguage","Age","Understand","Participate","johnny_e_1","johnny_p_1","johnny_a_1","johnny_age_1","college_e_1","college_p_1","college_a_1","Q98_1","brittany_e_1","brittany_p_1","brittany_a_1","brittany_age_1","ethel_e_1","ethel_p_1","ethel_a_1","ethel_age_1","harold_e_1","harold_p_1","harold_a_1","harold_age_1","someone_e_1","someone_p_1","someone_a_1","someone_age_1","task_understanding_q","answering task","association_coach_hurting_player_goon","association_coach_hurting_sports_announcer_goon","association_coach_hurting_employee_goon","association_coach_forgiving_player_employee","association_coach_fo","association_coach_forgiving_goon_employee","association_doctor_assisting_patient_cousin","association_doctor_assisting_paramedic_cousin","association_doctor_assisting_trespasser_cousin","association_doctor_punching_patient_trespasser","association_doctor_punching_paramedic_trespasser","association_someone_forgiving_player_employee","association_someone_forgiving_sports_announcer_employee","association_someone_forgiving_goon_employee","association_someone_hurting_player_goon","association_someone_hurting_sports_announcer_goon","association_someone_hurting_employee_goon","association_someone_assisting_patient_cousin","association_someone_assisting_paramedic_cousin","association_someone_assisting_trespasser_cousin","association_someone_punching_patient_trespasser","association_someone_punching_paramedic_trespasser","association_someone_punching_cousin_trespasser","association_doctor_punching_cousin_trespasser","focus test","trait_Bob_Sitting","trait_Ethel_asking_friend a question_graduate student_grandmother","trait_Brittany_asking_friend a question_social worker_grandaughter","trait_Harold_asking_friend a question_graduate student_grandfather","trait_Johnny_asking_friend a question_social worker_grandson","trait_someone_asking_friend a question_graduate student_grandmother","trait_someone_asking_friend a question_social worker_grandaughter","trait_someone_asking_friend a question_graduate student_grandfather","trait_someone_asking_friend a question_social worker_grandson","trait_Ethel_attacking_enemy_bully_grandmother","trait_Brittany_attacking_enemy_villain_grandaughter","trait_Harold_attacking_enemy_bully_grandfather","trait_Johnny_attacking_enemy_villain_grandson","trait_someone_attacking_enemy_bully_grandmother","trait_someone_attacking_enemy_villain_grandaughter","trait_someone_attacking_enemy_bully_grandfather","trait_someone_attacking_enemy_villain_grandson","Gender","Q76","Mother_Educ","Father_Educ","Residency","Residency_4_TEXT","my_embedded_data"
"2017-06-07 06:32:18","2017-06-07 06:41:10","IP Address","532","True","2017-06-07 06:41:11","R_XhuzQuRrclZ0QMN","","","","","34.927307128906","-80.727798461914","anonymous","EN","Yes","Yes","Yes","0.9","2.9","3.7","7.8","-1","1","2.9","27.5","-0.9","-2.1","1.9","27.3","2","2.9","-2.9","81.8","-0.9","1.9","-2","54.6","-0.9","-0.6","0.9","50.1","a child","4","a goon","a goon","a goon","a soccer player","a sports fan","a goon","a patient","a paramedic","a cousin","a trespasser","a trespasser","a shop clerk","a shop clerk","a shop clerk","a goon","a goon","a goon","a patient","a cousin","a cousin","a trespasser","a trespasser","a trespasser","a trespasser","Washington, D.C.","a man","a grandmother","a pharmacist","a grandfather","a grandson","a college student","a pharmacist","a college student","a pharmacist</span","a bully","a villain","a bully","a grandson","a bully","a villain","a bully","a villain","Male","42","Bachelor's degree","Bachelor's degree","Yes","","43.57031525777893"
"2017-06-07 06:34:22","2017-06-07 06:41:42","IP Address","439","True","2017-06-07 06:41:43","R_2EEuwzl1uT1fCNS","","","","","38.184097290039","-86.152297973633","anonymous","EN","Yes","Yes","Yes","2.2","-1","1.1","27.6","2.3","-1.6","-0.8","25.9","0.9","1.4","2.2","30.2","0.4","-0.9","-1","44.5","2.7","-1.9","-3.1","63.9","0.9","-0.7","0","30.8","a child","4","a soccer player","a sports fan","a goon","a soccer player","a sports fan","a shop clerk","a patient","a paramedic","a cousin","a trespasser","a trespasser","a soccer player","a shop clerk","a shop clerk","a goon","a goon","a goon","a cousin","a paramedic","a cousin","a trespasser","a trespasser","a trespasser","a trespasser","Washington, D.C.","a man","a grandmother","a granddaughter","a grandfather","a grandson","a college student","a granddaughter","a college student","a grandson","a grandmother","a granddaughter","a grandfather","a villain","a bully","a granddaughter","a bully","a villain","Male","22","High school graduate","High school graduate","Yes","","40.488369533207354"
"2017-06-07 06:32:19","2017-06-07 06:43:07","IP Address","647","True","2017-06-07 06:43:07","R_rigmRufIkwoZ9PX","","","","","28.303100585938","-82.704803466797","anonymous","EN","Yes","Yes","Yes","1.3","-1","1.6","38.7","0.1","0.7","3.3","23.8","1.9","0.9","-1.1","34.4","2","0.9","-2.1","61.2","1.6","-0.8","-0.9","45.6","0.1","0.1","0","45.3","a child","4","a soccer player","a sports fan","a goon","a soccer player","a sports fan","a goon","a patient","a paramedic","a cousin","a patient","a trespasser","a shop clerk","a sports fan","a shop clerk","a goon","a goon","a goon","a cousin","a paramedic","a cousin","a trespasser","a trespasser","a trespasser","a trespasser","Washington, D.C.","a man","a grandmother","a granddaughter","a grandfather","a pharmacist","a grandmother","a pharmacist","a grandfather","a pharmacist</span","a grandmother","a villain","a bully","a villain","a bully","a villain","a bully","a villain","Female","38","High school graduate","High school graduate","Yes","","24.673756671993473"
"2017-06-07 06:43:56","2017-06-07 06:52:15","IP Address","498","True","2017-06-07 06:52:15","R_21ojvV6N4i1Ujtn","","","","","41.719100952148","-88.317596435547","anonymous","EN","Yes","Yes","Yes","1.6","-0.8","0.6","28.9","1.3","1","1.8","20.1","1.4","0.9","2.4","18.9","1","1","-2.7","85.4","0.5","1.3","-1.2","82.8","0.4","0.6","-0.6","40.2","a child","4","a goon","a goon","a goon","a soccer player","a sports fan","a goon","a patient","a paramedic","a cousin","a trespasser","a trespasser","a soccer player","a sports fan","a goon","a goon","a sports fan","a goon","a patient","a cousin","a cousin","a trespasser","a trespasser","a trespasser","a trespasser","Washington, D.C.","a man","a grandmother","a granddaughter","a grandfather","a grandson","a college student","a granddaughter","a college student","a grandson","a grandmother","a granddaughter","a grandfather","a grandson","a grandmother","a granddaughter","a grandfather","a grandson","Male","31","Bachelor's degree","Bachelor's degree","Yes","","36.40719734886829"
"2017-06-07 06:48:09","2017-06-07 06:54:21","IP Address","372","True","2017-06-07 06:54:22","R_31pGsMmhQxGbrfO","","","","","39.968597412109","-75.176200866699","anonymous","EN","Yes","Yes","Yes","0.7","0.7","0.8","17.9","1.6","2.7","3.4","27","0.9","2.6","0.5","22","0.1","0.5","0.4","54.5","0.9","-1.2","2","62.4","0","0.1","0","48.6","a child","4","a goon","a goon","a goon","a soccer player","a sports fan","a shop clerk","a patient","a paramedic","a cousin","a trespasser","a trespasser","a soccer player","a sports fan","a shop clerk","a goon","a goon","a goon","a cousin","a cousin","a cousin","a trespasser","a trespasser","a trespasser","a trespasser","Washington, D.C.","a man","a grandmother","a granddaughter","a grandfather","a grandson","a college student","a pharmacist","a college student","a pharmacist</span","a bully","a granddaughter","a grandfather","a grandson","a bully","a villain","a bully","a villain","Male","27","Bachelor's degree","Bachelor's degree","Yes","","34.764087335850135"
"2017-06-07 06:35:53","2017-06-07 07:04:46","IP Address","1733","True","2017-06-07 07:04:47","R_ePfhRqfuq26dEqJ","","","","","34.918197631836","-120.23220062256","anonymous","EN","Yes","Yes","Yes","0","0","0","49.7","0","0","0","26.2","0","0","0","40.2","0","0","0","66.9","0","0","0","49.4","0","0","0","49.6","a child","4","a goon","a goon","a goon","a soccer player","a sports fan","a shop clerk","a patient","a cousin","a cousin","a trespasser","a trespasser","a shop clerk","a sports fan","a shop clerk","a goon","a goon","a goon","a cousin","a cousin","a cousin","a trespasser","a trespasser","a trespasser","a trespasser","Washington, D.C.","a man","a grandmother","a granddaughter","a grandfather","a grandson","a grandmother","a granddaughter","a grandfather","a grandson","a grandmother","a granddaughter","a grandfather","a grandson","a bully","a villain","a bully","a grandson","Female","23","Bachelor's degree","Medical degree (e.g., MD, DDS, DVM)","Yes","","23.326761946856685"
"2017-06-07 07:06:51","2017-06-07 07:15:36","IP Address","525","True","2017-06-07 07:15:36","R_2dhiX3EZpNbTwEV","","","","","41.280807495117","-75.896202087402","anonymous","EN","Yes","Yes","Yes","0.9","1","-1.1","17.9","2.2","1","2","26.6","1","1","2","32.4","1","2","-2","62.6","0","-0.7","-1","50.3","0","0","0","35.5","a child","4","a goon","a goon","a goon","a soccer player","a sports fan","a shop clerk","a patient","a paramedic","a trespasser","a trespasser","a trespasser","a shop clerk","a sports fan","a goon","a goon","a goon","a goon","a patient","a paramedic","a cousin","a trespasser","a trespasser","a trespasser","a trespasser","Washington, D.C.","a man","a grandmother","a granddaughter","a grandfather","a pharmacist","a college student","a granddaughter","a college student","a grandson","a grandmother","a granddaughter","a bully","a villain","a bully","a villain","a bully","a villain","Male","37","Bachelor's degree","Bachelor's degree","Yes","","52.56191659638703"
"2017-06-07 07:01:34","2017-06-07 07:22:21","IP Address","1246","True","2017-06-07 07:22:21","R_1q9fxOKy8CbsmmA","","","","","43.564498901367","-71.482002258301","anonymous","EN","Yes","Yes","Yes","3","2","1","47.4","1","2.9","3","26.6","2","2","3","35.5","1","-0.9","-2.4","70.7","3","1.9","-2","66.6","2","1","0","40.5","a child","4","a goon","a goon","a goon","a soccer player","a sports fan","a shop clerk","a patient","a paramedic","a cousin","a trespasser","a trespasser","a shop clerk","a shop clerk","a shop clerk","a goon","a goon","a goon","a patient","a cousin","a cousin","a trespasser","a trespasser","a trespasser","a trespasser","Washington, D.C.","a man","a college student","a granddaughter","a college student","a grandson","a college student","a granddaughter","a college student","a pharmacist</span","a bully","a villain","a bully","a villain","a bully","a villain","a bully","a villain","Male","40","High school graduate","Bachelor's degree","Yes","","37.878317086463404"
"2017-06-07 07:14:07","2017-06-07 07:23:48","IP Address","580","True","2017-06-07 07:23:48","R_3KHfx7WuNo8DtXK","","","","","40.348999023438","-79.615196228027","anonymous","EN","Yes","Yes","Yes","4","4","-2.9","36","4","3","3.9","27.3","0.9","1","-1","31.5","3.8","3.8","-3.9","79.5","3.8","4","-3.9","73.6","2.1","1","-1","46.8","a child","4","a soccer player","a sports fan","a shop clerk","a soccer player","a sports fan","a shop clerk","a patient","a paramedic","a cousin","a trespasser","a trespasser","a shop clerk","a sports fan","a shop clerk","a goon","a sports fan","a shop clerk","a patient","a paramedic","a cousin","a trespasser","a trespasser","a trespasser","a trespasser","Washington, D.C.","a man","a grandmother","a granddaughter","a grandfather","a pharmacist","a college student","a granddaughter","a college student","a pharmacist</span","a grandmother","a granddaughter","a grandfather","a grandson","a grandmother","a granddaughter","a grandfather","a grandson","Female","33","High school graduate","High school graduate","Yes","","29.82506186161774"
"2017-06-07 07:58:49","2017-06-07 08:06:15","IP Address","445","True","2017-06-07 08:06:16","R_3NVclFA2K8klaAG","","","","","38.20100402832","-77.589202880859","anonymous","EN","Yes","Yes","Yes","-1.1","-0.9","-0.8","35.1","0.5","0.1","0","55.9","0.6","0.6","0","53.9","-0.6","-0.9","-0.6","55.8","1.3","0.8","0.7","49.4","-0.5","-0.5","-0.5","43.8","a child","4","a soccer player","a goon","a goon","a soccer player","a sports fan","a shop clerk","a patient","a paramedic","a cousin","a trespasser","a paramedic","a soccer player","a shop clerk","a shop clerk","a goon","a goon","a goon","a patient","a cousin","a cousin","a trespasser","a trespasser","a trespasser","a trespasser","Washington, D.C.","a man","a college student","a granddaughter","a college student","a grandson","a college student","a pharmacist","a college student","a pharmacist</span","a bully","a villain","a bully","a grandson","a bully","a villain","a bully","a villain","Female","24","Some college/vocational school","Some college/vocational school","Yes","","50.305512121484036"
"2017-06-07 07:40:38","2017-06-07 08:11:13","IP Address","1834","True","2017-06-07 08:11:14","R_3ReKCV37RIRebbb","","","","","40.623397827148","-74.028800964355","anonymous","EN","Yes","Yes","Yes","0.5","-0.7","-0.8","37.9","0.9","0.8","0.9","25.8","-1.2","0.1","1.8","21.9","1.4","-0.9","0","44.3","-1.2","1.6","-1.2","32.6","0.1","0.1","0","50.5","a child","4","a goon","a goon","a goon","a soccer player","a sports fan","a shop clerk","a patient","a paramedic","a cousin","a trespasser","a trespasser","a shop clerk","a shop clerk","a shop clerk","a goon","a goon","a goon","a patient","a paramedic","a cousin","a trespasser","a trespasser","a trespasser","a trespasser","Washington, D.C.","a man","a college student","a granddaughter","a grandfather","a grandson","a college student","a granddaughter","a college student","a grandson","a bully","a granddaughter","a bully","a grandson","a bully","a villain","a bully","a villain","Female","29","Bachelor's degree","Master's degree","Yes","","31.849361432448347"
"2017-06-07 08:30:45","2017-06-07 08:38:59","IP Address","494","True","2017-06-07 08:39:00","R_2tidjZxLXLYJW9X","","","","","34.970092773438","-116.99290466309","anonymous","EN","Yes","Yes","Yes","-1.1","-1.9","2","26.9","2","2","-2.9","27.2","1.1","2.9","2","26.6","2","3","-3","72.3","2","-2","-1","44.8","0","0","0","35.4","a child","4","a soccer player","a sports fan","a goon","a soccer player","a sports fan","a goon","a patient","a paramedic","a trespasser","a trespasser","a trespasser","a soccer player","a sports fan","a goon","a goon","a sports fan","a shop clerk","a cousin","a paramedic","a cousin","a trespasser","a trespasser","a trespasser","a trespasser","Washington, D.C.","a man","a grandmother","a granddaughter","a grandfather","a grandson","a college student","a pharmacist","a college student","a pharmacist</span","a bully","a villain","a bully","a villain","a bully","a villain","a bully","a villain","Male","24","Some college/vocational school","Bachelor's degree","Yes","","34.50037828588401"
"2017-06-07 08:25:06","2017-06-07 08:42:12","IP Address","1026","True","2017-06-07 08:42:13","R_2Vvw4kNHckT6qv0","","","","","42.169494628906","-87.958801269531","anonymous","EN","Yes","Yes","Yes","-0.1","-1","0","54.2","1","2.4","2","27","0","0","1","36.1","2","1","-1.9","80.9","0","-1","-2","81.2","0","0","0","49.4","a child","4","a goon","a goon","a goon","a soccer player","a sports fan","a goon","a patient","a paramedic","a cousin","a trespasser","a trespasser","a soccer player","a sports fan","a shop clerk","a goon","a sports fan","a shop clerk","a patient","a paramedic","a cousin","a trespasser","a trespasser","a trespasser","a trespasser","Washington, D.C.","a man","a grandmother","a pharmacist","a grandfather","a grandson","a college student","a granddaughter","a college student","a pharmacist</span","a grandmother","a villain","a bully","a villain","a bully","a villain","a bully","a villain","Male","29","Some college/vocational school","Some college/vocational school","Yes","","44.754988682399265"
"2017-06-07 09:02:14","2017-06-07 09:08:25","IP Address","370","True","2017-06-07 09:08:25","R_2AXWy3oVTpmr0au","","","","","47.606201171875","-122.33209991455","anonymous","EN","Yes","Yes","Yes","1.3","1.7","2.7","34.7","1.7","2.8","2.5","27.5","1.3","0.9","2.5","29.5","1.2","2","-2.7","83.5","1","1.9","-2.3","74.6","0.1","0.1","0","50.3","a child","4","a goon","a goon","a goon","a soccer player","a sports fan","a shop clerk","a patient","a paramedic","a cousin","a trespasser","a trespasser","a soccer player","a shop clerk","a goon","a goon","a goon","a goon","a cousin","a cousin","a cousin","a trespasser","a trespasser","a trespasser","a trespasser","Washington, D.C.","a man","a grandmother","a pharmacist","a college student","a grandson","a grandmother","a pharmacist","a college student","a pharmacist</span","a bully","a villain","a bully","a villain","a bully","a villain","a bully","a villain","Female","26","Some college/vocational school","Bachelor's degree","Yes","","43.77540689492025"
"2017-06-07 09:03:11","2017-06-07 09:11:46","IP Address","514","True","2017-06-07 09:11:46","R_27aottgj6Q8NN5Q","","","","","37.496002197266","-77.471199035645","anonymous","EN","Yes","Yes","Yes","1.1","-0.8","2.1","34.8","2","1.3","2","27.9","2","-1.1","1.8","29.5","1.8","1.6","-2.2","79.3","1.2","0.9","-1.1","71.5","0.6","0.1","-0.8","32.7","a child","4","a goon","a goon","a goon","a soccer player","a sports fan","a shop clerk","a patient","a paramedic","a cousin","a trespasser","a trespasser","a soccer player","a sports fan","a shop clerk","a soccer player","a goon","a shop clerk","a patient","a cousin","a cousin","a trespasser","a trespasser","a trespasser","a trespasser","Washington, D.C.","a man","a grandmother","a granddaughter","a grandfather","a grandson","a college student","a pharmacist","a college student","a pharmacist</span","a grandmother","a villain","a bully","a villain","a bully","a villain","a bully","a villain","Male","31","Some college/vocational school","Some college/vocational school","Yes","","24.573683466197384"
"2017-06-07 09:12:29","2017-06-07 09:17:15","IP Address","286","True","2017-06-07 09:17:15","R_3EyGV1UOrrvT6fX","","","","","42.219604492188","-83.604598999023","anonymous","EN","Yes","Yes","Yes","1.8","0.8","3","38.3","2.2","1.1","2.5","26.7","0.3","1.4","2.5","27.3","2.6","2","-2.6","83.1","0","-1.8","-1.6","72.1","0","0","0","50.1","a child","4","a goon","a goon","a goon","a soccer player","a sports fan","a shop clerk","a patient","a paramedic","a cousin","a trespasser","a trespasser","a shop clerk","a shop clerk","a shop clerk","a goon","a goon","a goon","a patient","a cousin","a cousin","a trespasser","a trespasser","a trespasser","a trespasser","Washington, D.C.","a woman","a grandmother","a granddaughter","a grandfather","a grandson","a college student","a granddaughter","a college student","a grandson","a grandmother","a granddaughter","a grandfather","a villain","a bully","a villain","a bully","a villain","Female","30","Bachelor's degree","Bachelor's degree","Yes","","42.511759617019386"
"2018-01-03 07:47:46","2018-01-03 07:53:35","IP Address","349","True","2018-01-03 07:53:35","R_b26JWEUONGArWBr","","","","","34.805801391602","-96.704597473145","anonymous","EN","Yes","Yes","Yes","2.1","-1.1","1.1","44.6","-0.9","1.1","2.7","25.6","1.1","-1","1","42.6","2","1","-1.4","72.4","2.5","-1","-1.3","65.9","0.1","0.1","0","45","a child","4","a goon","a goon","a goon","a soccer player","a sports fan","a shop clerk","a patient","a paramedic","a cousin","a trespasser","a trespasser","a shop clerk","a shop clerk","a shop clerk","a goon","a goon","a goon","a patient","a cousin","a cousin","a trespasser","a trespasser","a trespasser","a trespasser","Washington, D.C.","a man","a grandmother","a granddaughter","a grandfather","a grandson","a college student","a granddaughter","a college student","a grandson","a bully","a villain","a bully","a villain","a bully","a villain","a bully","a villain","Male","40","Some college/vocational school","Medical degree (e.g., MD, DDS, DVM)","Yes","","45.00323841185384"
"2018-01-03 07:47:35","2018-01-03 07:54:21","IP Address","405","True","2018-01-03 07:54:21","R_2TYOglWa4EEFeeR","","","","","41.848297119141","-87.629096984863","anonymous","EN","Yes","Yes","Yes","1.4","-1.6","1.8","32.6","-0.2","-0.7","1.8","27.3","1","1.2","-1.6","19.1","0.8","2","-2.2","73","0.1","-0.8","-0.4","45.6","0.1","0.1","0","49.9","a child","4","a soccer player","a sports fan","a shop clerk","a soccer player","a shop clerk","a shop clerk","a patient","a paramedic","a trespasser","a trespasser","a paramedic","a soccer player","a shop clerk","a shop clerk","a goon","a goon","a goon","a patient","a paramedic","a cousin","a patient","a trespasser","a trespasser","a trespasser","Washington, D.C.","a woman","a grandmother","a pharmacist","a college student","a grandson","a college student","a pharmacist","a college student","a grandson","a grandmother","a villain","a bully","a villain","a bully","a villain","a bully","a villain","Male","25","High school graduate","High school graduate","Yes","","29.45989281625019"
"2018-01-03 07:48:22","2018-01-03 07:54:49","IP Address","387","True","2018-01-03 07:54:50","R_3maTvmOy1vGdCsG","","","","","41.150207519531","-74.571403503418","anonymous","EN","Yes","Yes","Yes","-0.9","0.5","2","29.9","2","0.8","2","23","1.1","3.1","1.3","17.3","2.4","3.6","-2.4","77.4","1","0.8","-2","67.9","1.2","0.4","0.8","36.4","a child","4","a goon","a goon","a shop clerk","a soccer player","a sports fan","a shop clerk","a patient","a paramedic","a cousin","a trespasser","a paramedic","a soccer player","a shop clerk","a goon","a goon","a goon","a goon","a cousin","a paramedic","a cousin","a trespasser","a trespasser","a trespasser","a trespasser","Washington, D.C.","a man","a grandmother","a granddaughter","a grandfather","a grandson","a college student","a granddaughter","a college student","a grandson","a grandmother","a granddaughter","a grandfather","a grandson","a bully","a villain","a bully","a villain","Female","28","Some college/vocational school","Some college/vocational school","Yes","","35.12153619763477"
"2018-01-03 07:48:20","2018-01-03 07:55:08","IP Address","407","True","2018-01-03 07:55:09","R_eOREiPgRttbomsN","","","","","35.889602661133","-78.92440032959","anonymous","EN","Yes","Yes","Yes","1.1","0","2","9.1","-1.1","-1","3","26","-1.1","-1","2","21.6","2","1.1","-2","71.9","1","-0.9","-1","72.4","0","0","0","36.7","a child","4","a goon","a goon","a goon","a soccer player","a sports fan","a shop clerk","a patient","a paramedic","a cousin","a trespasser","a trespasser","a shop clerk","a shop clerk","a shop clerk","a goon","a goon","a goon","a patient","a paramedic","a cousin","a trespasser","a trespasser","a trespasser","a trespasser","Washington, D.C.","a woman","a grandmother","a granddaughter","a grandfather","a grandson","a college student","a granddaughter","a college student","a pharmacist</span","a grandmother","a villain","a bully","a villain","a bully","a villain","a bully","a villain","Female","31","Some college/vocational school","Master's degree","Yes","","38.408628230776785"
"2018-01-03 07:47:56","2018-01-03 07:55:16","IP Address","439","True","2018-01-03 07:55:16","R_yX9tg8Q5YPuVkIN","","","","","37.549697875977","-121.96209716797","anonymous","EN","Yes","Yes","Yes","0.1","0.1","0","54.3","0.1","0.1","0","54.6","0.1","0.1","0","48","0.1","0.1","0","50.3","0.1","0.1","0","54.4","0.1","0.1","0","53.9","a child","4","a soccer player","a sports fan","a goon","a soccer player","a shop clerk","a goon","a patient","a paramedic","a trespasser","a patient","a trespasser","a soccer player","a sports fan","a shop clerk","a soccer player","a sports fan","a shop clerk","a patient","a cousin","a cousin","a patient","a paramedic","a cousin","a trespasser","Washington, D.C.","a man","a college student","a pharmacist","a college student","a pharmacist","a college student","a pharmacist","a grandfather","a pharmacist</span","a grandmother","a granddaughter","a grandfather","a villain","a grandmother","a granddaughter","a bully","a villain","Female","26","Doctoral Degree","Master's degree","Yes","","30.599296316876845"
"2018-01-03 07:47:51","2018-01-03 07:56:34","IP Address","522","True","2018-01-03 07:56:35","R_T719u3tUju9BLhv","","","","","40.766998291016","-73.525398254395","anonymous","EN","Yes","Yes","Yes","0","0","-0.1","49.1","0","0","0","33.7","0","0","0","50","0","0","0","67.3","0","0","0","49.7","0","0","0","49.9","a child","4","a soccer player","a sports fan","a goon","a soccer player","a sports fan","a goon","a patient","a cousin","a cousin","a trespasser","a trespasser","a soccer player","a sports fan","a shop clerk","a goon","a goon","a goon","a patient","a cousin","a cousin","a trespasser","a trespasser","a trespasser","a trespasser","Washington, D.C.","a man","a grandmother","a pharmacist","a grandfather","a pharmacist","a college student","a pharmacist","a college student","a pharmacist</span","a grandmother","a granddaughter","a grandfather","a villain","a bully","a villain","a bully","a villain","Female","24","Some college/vocational school","Medical degree (e.g., MD, DDS, DVM)","Yes","","22.47948987653467"
"2018-01-03 07:48:20","2018-01-03 07:57:36","IP Address","556","True","2018-01-03 07:57:36","R_1lhIgVJQEWCOiEe","","","","","44.796600341797","-95.584297180176","anonymous","EN","Yes","Yes","Yes","-1.1","1.8","1.9","7.9","0.1","-1.1","3.7","26.4","0.1","1","4","18.6","2.5","1.9","3.1","91","3","-1.1","-2","80.4","0.1","0.1","-0.2","50.3","a child","4","a goon","a goon","a goon","a soccer player","a sports fan","a shop clerk","a patient","a paramedic","a cousin","a trespasser","a trespasser","a shop clerk","a shop clerk","a shop clerk","a goon","a goon","a goon","a patient","a paramedic","a cousin","a trespasser","a trespasser","a trespasser","a trespasser","Washington, D.C.","a man","a grandmother","a pharmacist","a grandfather","a grandson","a college student","a pharmacist","a college student","a pharmacist</span","a bully","a villain","a bully","a villain","a bully","a villain","a bully","a villain","Female","43","Some college/vocational school","Some college/vocational school","Yes","","19.504443571554603"
"2018-01-03 07:48:21","2018-01-03 07:58:03","IP Address","581","True","2018-01-03 07:58:03","R_1eUyPYKo37spJox","","","","","42.935897827148","-97.440498352051","anonymous","EN","Yes","Yes","Yes","1","3","2","37","4","0.1","1","30.9","-1.8","0.1","3","21.4","-1.1","1","2.8","78.3","-1.9","2.1","-1","55","0","-0.1","0","49.7","a child","4","a goon","a goon","a goon","a soccer player","a sports fan","a shop clerk","a patient","a paramedic","a cousin","a trespasser","a trespasser","a soccer player","a sports fan","a shop clerk","a goon","a goon","a goon","a patient","a cousin","a cousin","a trespasser","a trespasser","a trespasser","a trespasser","Washington, D.C.","a man","a grandmother","a granddaughter","a grandfather","a grandson","a college student","a pharmacist","a college student","a pharmacist</span","a grandmother","a villain","a bully","a villain","a bully","a villain","a bully","a villain","Female","30","High school graduate","High school graduate","Yes","","24.41378379483097"
"2018-01-03 07:50:17","2018-01-03 07:58:14","IP Address","476","True","2018-01-03 07:58:14","R_1jSZ051DetGgx7y","","","","","27.856292724609","-82.631797790527","anonymous","EN","Yes","Yes","Yes","-1.9","-1","2","17.3","1.1","1.1","2.8","17.6","2.1","0.9","-0.9","17.1","3.8","3.2","-3.1","83.6","2.2","-1.1","-3","69","0.1","0.1","0","38","a child","4","a soccer player","a goon","a goon","a soccer player","a sports fan","a shop clerk","a patient","a paramedic","a cousin","a trespasser","a trespasser","a shop clerk","a shop clerk","a shop clerk","a goon","a goon","a goon","a patient","a paramedic","a cousin","a trespasser","a trespasser","a trespasser","a trespasser","Washington, D.C.","a man","a grandmother","a pharmacist","a grandfather","a pharmacist","a grandmother","a pharmacist","a grandfather","a pharmacist</span","a bully","a villain","a bully","a villain","a bully","a villain","a bully","a villain","Female","38","Bachelor's degree","High school graduate","Yes","","31.00511483918063"
"2018-01-03 07:48:09","2018-01-03 07:58:20","IP Address","610","True","2018-01-03 07:58:20","R_2TFD9eTmhXP6HKE","","","","","39.459396362305","-121.39720153809","anonymous","EN","Yes","Yes","Yes","2.1","-1","2.9","34.6","0.3","-0.2","2.8","26","1","-0.9","2","36","0.1","2","-2","63","-0.9","1","-1","54.1","0.1","0.1","0","40.1","a child","4","a goon","a sports fan","a goon","a soccer player","a sports fan","a shop clerk","a patient","a paramedic","a cousin","a trespasser","a trespasser","a shop clerk","a sports fan","a shop clerk","a goon","a sports fan","a shop clerk","a patient","a paramedic","a cousin","a trespasser","a trespasser","a trespasser","a trespasser","Washington, D.C.","a man","a college student","a pharmacist","a grandfather","a grandson","a college student","a granddaughter","a college student","a grandson","a bully","a villain","a bully","a villain","a bully","a villain","a bully","a villain","Female","62","High school graduate","Some college/vocational school","Yes","","42.84090313428102"
"2018-01-03 07:47:54","2018-01-03 07:58:58","IP Address","664","True","2018-01-03 07:58:59","R_2Puta3jSNOqPrBj","","","","","41.649993896484","-83.674102783203","anonymous","EN","Yes","Yes","Yes","1.9","-1","1.9","26.6","1.6","1","2.2","22.4","2","2","1","17.1","2","1","-1.9","72.9","2","-1.9","-1.9","73.1","1.8","-1","1","35","a child","4","a goon","a goon","a goon","a soccer player","a sports fan","a shop clerk","a patient","a paramedic","a cousin","a trespasser","a trespasser","a soccer player","a shop clerk","a shop clerk","a goon","a goon","a goon","a patient","a paramedic","a cousin","a trespasser","a trespasser","a trespasser","a trespasser","Washington, D.C.","a man","a grandmother","a granddaughter","a grandfather","a grandson","a college student","a pharmacist","a college student","a grandson","a grandmother","a granddaughter","a grandfather","a villain","a bully","a villain","a bully","a villain","Male","40","Bachelor's degree","Some college/vocational school","Yes","","17.519031549691928"
"2018-01-03 07:48:01","2018-01-03 07:59:52","IP Address","710","True","2018-01-03 07:59:52","R_3mk0w0uSm95UIAB","","","","","34.054397583008","-118.2440032959","anonymous","EN","Yes","Yes","Yes","-2","-1.9","3.6","32","2","1.1","3","23.9","2.5","1.4","-0.9","27.4","2","-0.9","2","73.3","3.1","3.1","-1.8","84","-0.6","2.1","-0.6","43.1","a child","4","a goon","a goon","a goon","a soccer player","a shop clerk","a shop clerk","a patient","a paramedic","a cousin","a trespasser","a trespasser","a shop clerk","a shop clerk","a shop clerk","a soccer player","a sports fan","a shop clerk","a patient","a cousin","a cousin","a trespasser","a trespasser","a trespasser","a trespasser","Washington, D.C.","a man","a grandmother","a granddaughter","a grandfather","a grandson","a college student","a pharmacist","a college student","a pharmacist</span","a bully","a granddaughter","a bully","a grandson","a bully","a villain","a bully","a villain","Male","36","Medical degree (e.g., MD, DDS, DVM)","Doctoral Degree","Yes","","18.528750076081778"
"2018-01-03 07:48:19","2018-01-03 07:59:59","IP Address","699","True","2018-01-03 07:59:59","R_ssXmJG7glcmRleN","","","","","36.171798706055","-86.49040222168","anonymous","EN","Yes","Yes","Yes","0.5","-0.6","3.4","31","1.1","1.7","1.6","25.8","-1.2","1","2.2","33.2","2.4","1.4","-2.5","82.9","1.3","-1.5","-1","56.5","1.1","0","0","36.4","a child","4","a goon","a goon","a goon","a soccer player","a sports fan","a shop clerk","a patient","a cousin","a cousin","a trespasser","a trespasser","a shop clerk","a shop clerk","a shop clerk","a goon","a goon","a goon","a patient","a cousin","a cousin","a trespasser","a trespasser","a trespasser","a trespasser","Washington, D.C.","a man","a grandmother","a pharmacist","a grandfather","a grandson","a college student","a pharmacist","a college student","a pharmacist</span","a grandmother","a granddaughter","a bully","a villain","a bully","a villain","a bully","a villain","Female","37","High school graduate","Bachelor's degree","Yes","","20.364663282959874"
"2018-01-03 07:49:29","2018-01-03 08:00:59","IP Address","690","True","2018-01-03 08:01:00","R_3KD6nSATCxeEHGR","","","","","28.152099609375","-82.523002624512","anonymous","EN","Yes","Yes","Yes","-0.5","-1.1","1.2","27.4","0.1","0.6","0.4","25.6","1.4","0.6","0.9","26.4","1.8","0.8","-0.5","70.8","0.6","-0.4","-0.3","37","0.1","0.1","0","29.2","a child","4","a soccer player","a sports fan","a shop clerk","a soccer player","a sports fan","a shop clerk","a patient","a paramedic","a cousin","a trespasser","a trespasser","a shop clerk","a sports fan","a shop clerk","a goon","a goon","a goon","a patient","a paramedic","a trespasser","a trespasser","a trespasser","a trespasser","a trespasser","Washington, D.C.","a man","a grandmother","a pharmacist","a college student","a grandson","a grandmother","a pharmacist","a grandfather","a grandson","a grandmother","a villain","a grandfather","a villain","a bully","a villain","a bully","a villain","Male","34","Bachelor's degree","Some college/vocational school","Yes","","29.08344567662185"
"2018-01-03 07:49:17","2018-01-03 08:01:55","IP Address","757","True","2018-01-03 08:01:57","R_2qly55vvhbXn8DE","","","","","34.491592407227","-82.615798950195","anonymous","EN","Yes","Yes","Yes","-2.7","-0.8","3.4","23.1","0.8","-1.3","1.6","20.7","2.1","1.9","1.9","27.6","-0.9","1.8","-3.2","100","2.7","2.9","1.8","69.3","0.1","0.2","0","50.3","a child","4","a goon","a sports fan","a goon","a soccer player","a sports fan","a shop clerk","a cousin","a paramedic","a cousin","a patient","a paramedic","a soccer player","a shop clerk","a shop clerk","a goon","a goon","a goon","a patient","a paramedic","a cousin","a patient","a trespasser","a trespasser","a trespasser","Washington, D.C.","a man","a college student","a pharmacist","a college student","a grandson","a college student","a pharmacist","a college student","a grandson","a grandmother","a villain","a grandfather","a villain","a bully","a villain","a bully","a villain","Male","28","Bachelor's degree","Bachelor's degree","Yes","","35.847529102546986"
"2018-01-03 07:50:22","2018-01-03 08:02:40","IP Address","737","True","2018-01-03 08:02:40","R_2y8jJwLOXSPWi1r","","","","","43.05110168457","-77.522399902344","anonymous","EN","Yes","Yes","Yes","-0.4","-0.8","0.8","27.7","0.1","0.1","1","26.4","0.1","0.2","0.1","22","1","1","-1.1","89.6","-0.8","1.1","-0.9","86.3","-0.8","1","-1.2","86.3","a child","4","a goon","a goon","a goon","a soccer player","a sports fan","a shop clerk","a patient","a paramedic","a cousin","a trespasser","a paramedic","a shop clerk","a shop clerk","a goon","a goon","a sports fan","a goon","a patient","a paramedic","a cousin","a trespasser","a trespasser","a trespasser","a trespasser","Washington, D.C.","a man","a grandmother","a pharmacist","a grandfather","a pharmacist","a grandmother","a pharmacist","a college student","a pharmacist</span","a bully","a villain","a bully","a villain","a bully","a villain","a bully","a villain","Female","35","Some college/vocational school","High school graduate","Yes","","42.42620809921674"
"2018-01-03 07:50:25","2018-01-03 08:03:36","IP Address","791","True","2018-01-03 08:03:37","R_3PBNLlCtiZn3NOL","","","","","27.911193847656","-82.755096435547","anonymous","EN","Yes","Yes","Yes","-2","-1.8","2.9","55","-2","2","2","25.1","-1","3","1.1","40","3","3.2","-2.9","80.9","0.9","-2.9","0.7","65.7","0.7","1.9","-1.1","60.1","a child","4","a goon","a goon","a goon","a soccer player","a sports fan","a goon","a patient","a paramedic","a cousin","a trespasser","a trespasser","a shop clerk","a shop clerk","a shop clerk","a goon","a sports fan","a goon","a patient","a paramedic","a cousin","a trespasser","a trespasser","a trespasser","a trespasser","Washington, D.C.","a man","a grandmother","a granddaughter","a grandfather","a grandson","a grandmother","a granddaughter","a grandfather","a pharmacist</span","a bully","a villain","a bully","a grandson","a bully","a villain","a bully","a villain","Female","64","Some college/vocational school","Bachelor's degree","Yes","","52.32636888053416"
"2018-01-03 07:48:20","2018-01-03 08:04:45","IP Address","984","True","2018-01-03 08:04:46","R_CmpTJrKe8vcMGdP","","","","","34.153900146484","-117.99189758301","anonymous","EN","Yes","Yes","Yes","2.3","1.9","-1.7","13.3","3","-1.1","2.9","30.3","3.2","-1.2","1.2","28.3","2","-0.1","-1.5","63.4","2.2","-1.6","1.6","63.4","0","0.1","0","44.7","a child","4","a soccer player","a sports fan","a goon","a soccer player","a sports fan","a goon","a patient","a paramedic","a cousin","a trespasser","a trespasser","a soccer player","a sports fan","a shop clerk","a goon","a goon","a goon","a cousin","a cousin","a cousin","a trespasser","a trespasser","a trespasser","a trespasser","Washington, D.C.","a man","a grandmother","a granddaughter","a grandfather","a grandson","a grandmother","a granddaughter","a grandfather","a grandson","a grandmother","a granddaughter","a grandfather","a grandson","a grandmother","a granddaughter","a grandfather","a grandson","Female","53","High school graduate","High school graduate","Yes","","28.30535623997109"
"2018-01-03 07:47:55","2018-01-03 08:05:49","IP Address","1073","True","2018-01-03 08:05:49","R_DOzVuPnxtq9znFv","","","","","39.95719909668","-74.916198730469","anonymous","EN","Yes","Yes","Yes","-0.1","0.8","1.1","37.1","0.2","0.6","1.3","27.6","-0.1","0.4","0.4","42.6","0.1","0.8","-1.2","68.4","-0.2","0","-0.8","59.7","0.1","0.2","0","42.1","a child","4","a soccer player","a sports fan","a goon","a soccer player","a sports fan","a shop clerk","a patient","a paramedic","a cousin","a trespasser","a paramedic","a shop clerk","a shop clerk","a shop clerk","a goon","a goon","a goon","a patient","a cousin","a cousin","a trespasser","a trespasser","a trespasser","a trespasser","Washington, D.C.","a man","a grandmother","a granddaughter","a grandfather","a grandson","a college student","a pharmacist","a college student","a pharmacist</span","a grandmother","a villain","a grandfather","a villain","a bully","a villain","a bully","a villain","Male","21","Bachelor's degree","Bachelor's degree","Yes","","21.313697496967784"
"2018-01-03 07:48:18","2018-01-03 08:06:13","IP Address","1074","True","2018-01-03 08:06:13","R_3Ev7ryF04NaaPGb","","","","","30.473007202148","-89.149398803711","anonymous","EN","Yes","Yes","Yes","-0.9","-1","1","44.6","1","1","1.9","26.3","-1","0.9","1.3","27","1.9","1","-1.1","75.4","0.9","0.7","-0.9","63.6","0.2","-0.3","0","34.7","a child","4","a goon","a goon","a goon","a soccer player","a sports fan","a shop clerk","a patient","a paramedic","a cousin","a trespasser","a trespasser","a shop clerk","a sports fan","a shop clerk","a goon","a goon","a goon","a cousin","a paramedic","a cousin","a trespasser","a trespasser","a trespasser","a trespasser","Washington, D.C.","a man","a grandmother","a granddaughter","a grandfather","a grandson","a college student","a pharmacist","a college student","a pharmacist</span","a grandmother","a villain","a bully","a villain","a bully","a villain","a bully","a villain","Female","29","High school graduate","High school graduate","Yes","","41.292135413105626"
"2018-01-03 07:48:31","2018-01-03 08:06:26","IP Address","1074","True","2018-01-03 08:06:26","R_3koGHVQfdxhztJn","","","","","45.514602661133","-122.5991973877","anonymous","EN","Yes","Yes","Yes","0","0.1","0","8.4","2","0.9","2","27.1","0","0","-0.9","8","0.1","0.9","-1","71.7","0","-0.1","0","63.9","0.1","0.1","0","27.1","a child","4","a goon","a goon","a goon","a shop clerk","a shop clerk","a shop clerk","a patient","a paramedic","a cousin","a trespasser","a trespasser","a shop clerk","a shop clerk","a shop clerk","a goon","a goon","a goon","a cousin","a paramedic","a cousin","a trespasser","a trespasser","a trespasser","a trespasser","Washington, D.C.","a man","a college student","a granddaughter","a college student","a pharmacist","a college student","a pharmacist","a college student","a pharmacist</span","a grandmother","a granddaughter","a bully","a grandson","a bully","a villain","a bully","a villain","Male","50","Some college/vocational school","High school graduate","Yes","","10.963169043642274"
"2018-01-03 07:54:18","2018-01-03 08:07:00","IP Address","761","True","2018-01-03 08:07:00","R_2WAJHU4I92aKdyD","","","","","37.141006469727","-83.737197875977","anonymous","EN","Yes","Yes","Yes","-1","-1.9","2.9","27.6","2.9","-0.9","2.9","25.3","1.6","-0.7","1.6","31.7","3","2.1","-2.7","82.9","1.4","2","-2.1","73.6","0.2","-0.4","1","41.4","a CEO","4","a goon","a sports fan","a goon","a soccer player","a sports fan","a shop clerk","a patient","a paramedic","a cousin","a trespasser","a trespasser","a shop clerk","a shop clerk","a shop clerk","a goon","a goon","a goon","a cousin","a cousin","a trespasser","a trespasser","a trespasser","a trespasser","a trespasser","Washington, D.C.","a man","a grandmother","a granddaughter","a grandfather","a grandson","a college student","a granddaughter","a college student","a grandson","a grandmother","a villain","a bully","a villain","a bully","a villain","a bully","a villain","Female","35","Some college/vocational school","High school graduate","Yes","","27.723829413001386"
"2018-01-03 07:48:11","2018-01-03 08:07:41","IP Address","1170","True","2018-01-03 08:07:42","R_3OixBgki1VxoCQ6","","","","","35.683807373047","-78.663597106934","anonymous","EN","Yes","Yes","Yes","0","-1.1","1.2","45","0.1","-1","3.1","27","-0.5","0","2.1","27.4","3.7","2","-3.9","81.9","2.1","2","-2.9","72.3","0","-0.1","0","45.3","a child","4","a soccer player","a sports fan","a goon","a soccer player","a sports fan","a goon","a patient","a cousin","a cousin","a patient","a paramedic","a shop clerk","a shop clerk","a goon","a goon","a goon","a goon","a cousin","a cousin","a cousin","a trespasser","a trespasser","a trespasser","a trespasser","Washington, D.C.","a man","a grandmother","a granddaughter","a grandfather","a grandson","a grandmother","a granddaughter","a grandfather","a grandson","a bully","a granddaughter","a grandfather","a grandson","a bully","a villain","a bully","a villain","Female","27","Bachelor's degree","Bachelor's degree","Yes","","45.90172871456056"
"2018-01-03 07:52:05","2018-01-03 08:09:30","IP Address","1044","True","2018-01-03 08:09:32","R_V2NsATklua9Aznj","","","","","36.234893798828","-115.29049682617","anonymous","EN","Yes","Yes","Yes","-0.7","0.1","1.1","24","2.3","0.7","1","28.7","-0.3","1.5","0.9","29.2","0.1","0.7","0","77.5","0.1","-2.1","-1.3","45.2","0.1","0.1","0","33.4","a child","4","a soccer player","a sports fan","a goon","a soccer player","a sports fan","a goon","a patient","a paramedic","a cousin","a patient","a trespasser","a shop clerk","a shop clerk","a shop clerk","a goon","a goon","a goon","a patient","a paramedic","a cousin","a trespasser","a trespasser","a trespasser","a trespasser","Washington, D.C.","a man","a grandmother","a granddaughter","a college student","a pharmacist","a college student","a pharmacist","a college student","a pharmacist</span","a grandmother","a villain","a bully","a grandson","a grandmother","a villain","a bully","a villain","Male","30","Some college/vocational school","Did not graduate high school","If no, please indicate how long you have resided in the United States","22","46.073213049460485"
"2018-01-03 07:55:59","2018-01-03 08:10:29","IP Address","869","True","2018-01-03 08:10:29","R_1K2qQpt5RYhu2gc","","","","","42.856292724609","-77.025100708008","anonymous","EN","Yes","Yes","Yes","1","1","1","31.6","1","3","2","26.4","1","1.9","1.9","27","2.9","0.1","-2.8","63.4","1","-1","-1","50.3","-1","-1","1","35.7","a child","4","a goon","a goon","a goon","a shop clerk","a shop clerk","a shop clerk","a patient","a paramedic","a cousin","a trespasser","a trespasser","a shop clerk","a shop clerk","a shop clerk","a goon","a goon","a goon","a cousin","a cousin","a cousin","a trespasser","a trespasser","a trespasser","a cousin","Washington, D.C.","a man","a grandmother","a granddaughter","a grandfather","a grandson","a college student","a pharmacist","a college student","a pharmacist</span","a grandmother","a granddaughter","a grandfather","a villain","a bully","a villain","a bully","a villain","Male","61","Bachelor's degree","Bachelor's degree","Yes","","24.182779760608167"
"2018-01-03 08:06:23","2018-01-03 08:14:46","IP Address","502","True","2018-01-03 08:14:46","R_bOfDPZossFWVRV7","","","","","42.683303833008","23.316696166992","anonymous","EN","Yes","Yes","Yes","2.3","1.1","1.9","24.7","2.4","2.2","2.1","31.4","1.6","1.7","1.6","28.9","0.9","-1","-2","59.3","-1.1","-1.9","-2.6","51.9","-1.5","1.9","-0.8","40.9","a CEO","4","a soccer player","a goon","a goon","a soccer player","a sports fan","a goon","a patient","a paramedic","a trespasser","a trespasser","a trespasser","a shop clerk","a shop clerk","a goon","a goon","a goon","a goon","a patient","a paramedic","a cousin","a trespasser","a trespasser","a trespasser","a trespasser","Washington, D.C.","a man","a college student","a granddaughter","a college student","a grandson","a college student","a pharmacist","a college student","a grandson","a grandmother","a granddaughter","a bully","a villain","a bully","a villain","a bully","a villain","Male","26","Some college/vocational school","Some college/vocational school","Yes","","46.38147863568307"
"2018-01-03 07:48:23","2018-01-03 08:14:58","IP Address","1595","True","2018-01-03 08:14:58","R_XhQIou2lDFJkJ9L","","","","","32.394302368164","-93.728500366211","anonymous","EN","Yes","Yes","Yes","-1.8","-3","2.2","27.9","0.1","3","1.9","22.4","3.2","2.8","-2.3","18.3","1.9","2.6","1.6","97","1.9","-2.8","-0.9","56.4","1.1","0.5","-1","38.7","a child","4","a goon","a goon","a goon","a soccer player","a sports fan","a goon","a patient","a paramedic","a cousin","a trespasser","a paramedic","a shop clerk","a sports fan","a shop clerk","a goon","a sports fan","a goon","a patient","a paramedic","a cousin","a trespasser","a trespasser","a trespasser","a trespasser","Washington, D.C.","a man","a grandmother","a granddaughter","a grandfather","a pharmacist","a grandmother","a granddaughter","a grandfather","a pharmacist</span","a grandmother","a granddaughter","a bully","a villain","a bully","a villain","a bully","a villain","Male","39","High school graduate","High school graduate","Yes","","45.82045264258526"
"2018-01-03 08:15:16","2018-01-03 08:25:30","IP Address","614","True","2018-01-03 08:25:31","R_Y5lFzD3gWN50gH7","","","","","40.784896850586","-77.84700012207","anonymous","EN","Yes","Yes","Yes","1.7","0.1","0.5","39.9","1.9","0.8","1.7","26.1","2.1","1","0.7","30.1","1.9","0.9","-0.8","74.1","2","1.1","-0.8","54.1","0","0","0","49.7","a child","4","a goon","a goon","a goon","a soccer player","a sports fan","a shop clerk","a patient","a paramedic","a cousin","a trespasser","a trespasser","a shop clerk","a shop clerk","a shop clerk","a goon","a goon","a goon","a cousin","a cousin","a cousin","a trespasser","a trespasser","a trespasser","a trespasser","Washington, D.C.","a woman","a grandmother","a pharmacist","a grandfather","a grandson","a college student","a granddaughter","a college student","a grandson","a grandmother","a granddaughter","a grandfather","a villain","a bully","a villain","a bully","a grandson","Male","58","Some college/vocational school","High school graduate","Yes","","15.237200876985955"
"2018-01-03 08:03:57","2018-01-03 08:28:34","IP Address","1476","True","2018-01-03 08:28:34","R_863Z4qIGsTmaagF","","","","","40.757797241211","-89.609802246094","anonymous","EN","Yes","Yes","Yes","1","-1","3","27.3","3","1","2","27.1","1","0.1","3","17.9","2","1","-2","81.7","1","-1","-2.9","72.6","-1","3","-2.1","53.7","a child","4","a goon","a goon","a goon","a soccer player","a sports fan","a shop clerk","a patient","a paramedic","a cousin","a trespasser","a trespasser","a soccer player","a sports fan","a shop clerk","a goon","a goon","a goon","a patient","a cousin","a cousin","a trespasser","a trespasser","a trespasser","a trespasser","Washington, D.C.","a man","a grandmother","a granddaughter","a grandfather","a grandson","a college student","a pharmacist","a college student","a pharmacist</span","a bully","a granddaughter","a grandfather","a grandson","a grandmother","a granddaughter","a grandfather","a villain","Female","37","Some college/vocational school","Bachelor's degree","Yes","","54.87193420992045"
"2018-01-03 08:17:41","2018-01-03 08:29:15","IP Address","693","True","2018-01-03 08:29:17","R_2SGhf4UOXN6sPnV","","","","","40.675994873047","-73.920600891113","anonymous","EN","Yes","Yes","Yes","2.8","3","2.9","8.6","2","1","2.9","27","2.3","0.9","2","26.1","2.9","2.5","-2","69.6","2.3","2.1","-2","71.9","0.1","0.5","-0.2","36","a child","4","a goon","a goon","a goon","a soccer player","a sports fan","a goon","a patient","a paramedic","a cousin","a trespasser","a trespasser","a shop clerk","a shop clerk","a shop clerk","a goon","a goon","a goon","a cousin","a paramedic","a cousin","a trespasser","a trespasser","a trespasser","a trespasser","Washington, D.C.","a man","a grandmother","a granddaughter","a grandfather","a grandson","a college student","a granddaughter","a college student","a grandson","a grandmother","a villain","a grandfather","a grandson","a bully","a granddaughter","a bully","a grandson","Female","24","Bachelor's degree","Business degree (e.g., MBA, CPA)","Yes","","52.136467233797646"
"2018-01-03 08:24:14","2018-01-03 08:30:47","IP Address","392","True","2018-01-03 08:30:47","R_1luwgjgBhXYfpeK","","","","","34.905395507812","-87.506797790527","anonymous","EN","Yes","Yes","Yes","-0.8","1.6","1.9","32.1","0.1","1.3","3.1","24.6","-0.6","0.9","3.6","29.7","-2.1","-0.8","2.7","87.6","1.9","-2.2","-1.4","69.1","0.1","3.4","-1.1","32","a child","4","a goon","a goon","a goon","a soccer player","a shop clerk","a shop clerk","a patient","a paramedic","a cousin","a trespasser","a trespasser","a shop clerk","a shop clerk","a shop clerk","a goon","a goon","a goon","a cousin","a cousin","a cousin","a trespasser","a trespasser","a trespasser","a trespasser","Washington, D.C.","a man","a grandmother","a pharmacist","a grandfather","a grandson","a college student","a granddaughter","a college student","a grandson","a grandmother","a granddaughter","a grandfather","a grandson","a bully","a granddaughter","a bully","a villain","Female","28","High school graduate","Did not graduate high school","Yes","","11.611095032564155"
"2018-01-03 08:22:53","2018-01-03 08:33:28","IP Address","635","True","2018-01-03 08:33:29","R_Zz9WqjcJFzMoqqd","","","","","40.71110534668","-73.946899414062","anonymous","EN","Yes","Yes","Yes","1.7","-0.9","1.6","36.1","1.4","1.4","1.6","27.9","1.1","-1.2","1.8","37.1","1.7","-0.9","-1","61.9","1.6","-1.5","-0.3","46.3","2","-0.4","1.6","41.7","a child","4","a goon","a goon","a goon","a soccer player","a sports fan","a shop clerk","a patient","a paramedic","a cousin","a trespasser","a trespasser","a shop clerk","a sports fan","a shop clerk","a goon","a goon","a goon","a patient","a paramedic","a cousin","a trespasser","a trespasser","a trespasser","a trespasser","Washington, D.C.","a man","a grandmother","a pharmacist","a college student","a pharmacist","a college student","a pharmacist","a college student","a pharmacist</span","a grandmother","a granddaughter","a bully","a grandson","a grandmother","a granddaughter","a grandfather","a grandson","Female","29","Some college/vocational school","High school graduate","Yes","","46.61259203465017"
"2018-01-03 08:19:37","2018-01-03 08:36:01","IP Address","984","True","2018-01-03 08:36:02","R_BrACaBI2VPeqjxD","","","","","21.11669921875","-101.66670227051","anonymous","EN","Yes","Yes","Yes","3","-2","3.3","40.3","2.9","-2","3.8","27","2","0","2","26.7","2.9","0","-0.9","76.7","2.9","1","-1","71.7","1.5","-1","1","40","a child","4","a goon","a goon","a goon","a soccer player","a sports fan","a shop clerk","a patient","a paramedic","a cousin","a trespasser","a trespasser","a shop clerk","a shop clerk","a shop clerk","a goon","a goon","a goon","a patient","a cousin","a cousin","a trespasser","a trespasser","a trespasser","a trespasser","Washington, D.C.","a man","a grandmother","a granddaughter","a grandfather","a pharmacist","a college student","a pharmacist","a grandfather","a pharmacist</span","a grandmother","a granddaughter","a grandfather","a grandson","a bully","a villain","a grandfather","a villain","Female","35","Bachelor's degree","Some college/vocational school","Yes","","50.456242455275785"
"2018-01-03 08:33:53","2018-01-03 08:42:27","IP Address","513","True","2018-01-03 08:42:28","R_Zn8XOrbILuskK6l","","","","","25.982498168945","-80.343399047852","anonymous","EN","Yes","Yes","Yes","2","-0.9","1.2","44.5","2.2","0","3.5","25.4","2.5","-0.1","2.3","32.1","-0.6","0.8","-1.3","54.7","1.4","1.3","-1.9","62.2","0.4","-0.5","0.6","38.5","a child","4","a soccer player","a goon","a goon","a soccer player","a sports fan","a shop clerk","a patient","a paramedic","a cousin","a trespasser","a trespasser","a shop clerk","a shop clerk","a shop clerk","a goon","a goon","a goon","a patient","a paramedic","a cousin","a trespasser","a trespasser","a trespasser","a trespasser","Washington, D.C.","a man","a college student","a granddaughter","a college student","a pharmacist","a college student","a pharmacist","a college student","a pharmacist</span","a bully","a granddaughter","a grandfather","a grandson","a grandmother","a granddaughter","a grandfather","a grandson","Male","29","Some college/vocational school","Some college/vocational school","Yes","","13.884924460641324"
"2018-01-03 08:36:17","2018-01-03 08:46:41","IP Address","623","True","2018-01-03 08:46:42","R_25TvRiMx9pSROeG","","","","","32.865905761719","-97.217597961426","anonymous","EN","Yes","Yes","Yes","1","-1.5","1.1","28.5","0.1","4","4","26.7","-0.2","0.1","3","23.3","0","1","-1.2","79.9","0.1","-0.3","0","43.5","0","0","0","44.9","a child","4","a goon","a sports fan","a goon","a soccer player","a sports fan","a goon","a patient","a paramedic","a cousin","a trespasser","a trespasser","a shop clerk","a shop clerk","a goon","a goon","a goon","a goon","a patient","a paramedic","a cousin","a trespasser","a trespasser","a trespasser","a trespasser","Washington, D.C.","a man","a grandmother","a granddaughter","a grandfather","a grandson","a college student","a granddaughter","a college student","a pharmacist</span","a grandmother","a granddaughter","a grandfather","a grandson","a bully","a granddaughter","a bully","a grandson","Male","29","Bachelor's degree","Bachelor's degree","Yes","","40.47367376332956"
"2018-01-03 08:29:18","2018-01-03 08:47:13","IP Address","1074","True","2018-01-03 08:47:13","R_1d4vc3FJOQ847bO","","","","","31.145095825195","-99.347801208496","anonymous","EN","Yes","Yes","Yes","1.7","-0.8","1","53.8","0.9","1.6","3","19.2","-1.5","2.1","3.2","27.2","2.7","1.6","-2.2","70.2","2.1","-1.2","-1.4","71.6","1.1","-0.6","0.8","27.5","a child","4","a goon","a goon","a goon","a soccer player","a sports fan","a shop clerk","a patient","a cousin","a cousin","a trespasser","a trespasser","a shop clerk","a shop clerk","a shop clerk","a goon","a goon","a goon","a cousin","a paramedic","a cousin","a trespasser","a trespasser","a trespasser","a trespasser","Washington, D.C.","a man","a grandmother","a pharmacist","a grandfather","a grandson","a college student","a pharmacist","a college student","a pharmacist</span","a grandmother","a villain","a grandfather","a villain","a bully","a villain","a bully","a grandson","Female","30","Some college/vocational school","High school graduate","Yes","","47.14913219822318"
"2018-01-03 08:36:27","2018-01-03 08:48:38","IP Address","731","True","2018-01-03 08:48:39","R_3JntiBPo75mvMrD","","","","","41.989501953125","-72.654197692871","anonymous","EN","Yes","Yes","Yes","-2.7","-2","2.8","22.4","3","-0.9","2.8","26.7","-1.6","2.1","1.6","30.1","2.3","3.2","-2.8","73.3","1","1.4","-1.9","58.1","0","0","0","40.4","a child","4","a soccer player","a goon","a goon","a soccer player","a sports fan","a goon","a patient","a paramedic","a cousin","a trespasser","a trespasser","a soccer player","a sports fan","a goon","a soccer player","a sports fan","a shop clerk","a patient","a paramedic","a cousin","a trespasser","a trespasser","a trespasser","a trespasser","Washington, D.C.","a man","a grandmother","a pharmacist","a grandfather","a pharmacist","a college student","a granddaughter","a college student","a pharmacist</span","a bully","a granddaughter","a bully","a villain","a bully","a villain","a bully","a villain","Male","34","Bachelor's degree","Bachelor's degree","Yes","","31.800449828803643"
"2018-01-03 07:53:30","2018-01-03 08:53:30","IP Address","3600","True","2018-01-03 08:53:30","R_cx1YvspkcmKbGJb","","","","","35.175201416016","-79.383399963379","anonymous","EN","Yes","Yes","Yes","1","1","-1","8.7","2","-1.9","2.1","24.7","2","-0.9","1","27.6","0.9","2","-1.9","44.9","0.9","0.9","-2","63","1","-0.9","1","40.3","a child","4","a goon","a sports fan","a goon","a soccer player","a sports fan","a shop clerk","a patient","a paramedic","a cousin","a trespasser","a trespasser","a shop clerk","a shop clerk","a shop clerk","a goon","a goon","a goon","a patient","a cousin","a cousin","a trespasser","a trespasser","a trespasser","a trespasser","Washington, D.C.","a man","a grandmother","a pharmacist","a college student","a grandson","a college student","a pharmacist","a college student","a pharmacist</span","a grandmother","a granddaughter","a bully","a grandson","a bully","a villain","a bully","a villain","Female","65","Some college/vocational school","Some college/vocational school","Yes","","29.470735804287422"
"2018-01-03 08:52:39","2018-01-03 08:58:20","IP Address","341","True","2018-01-03 08:58:20","R_3R1Q1tA4zFi4a7b","","","","","41.836502075195","-72.463203430176","anonymous","EN","Yes","Yes","Yes","0.3","-0.8","0.5","26.9","0","0.8","0.7","26.9","0.1","0","0.6","24.7","0.5","0.7","-0.7","55.3","0.1","-0.8","0.8","59.4","0","0.6","-0.7","29.1","a child","4","a goon","a goon","a goon","a shop clerk","a sports fan","a shop clerk","a patient","a paramedic","a cousin","a trespasser","a trespasser","a shop clerk","a shop clerk","a shop clerk","a goon","a goon","a goon","a cousin","a paramedic","a cousin","a trespasser","a trespasser","a trespasser","a trespasser","Washington, D.C.","a man","a grandmother","a granddaughter","a grandfather","a grandson","a college student","a granddaughter","a college student","a grandson","a bully","a villain","a bully","a villain","a bully","a villain","a bully","a villain","Male","28","Bachelor's degree","Bachelor's degree","Yes","","24.303992381390184"
"2018-01-03 08:25:53","2018-01-03 09:04:16","IP Address","2302","True","2018-01-03 09:04:16","R_1rkpghzVJcwfRD4","","","","","41.30940246582","-72.924003601074","anonymous","EN","Yes","Yes","Yes","0.1","0.1","1","27.1","3","0.1","2","49.3","1.8","2","0","31.1","4","0","-4","100","2.1","0.1","-1.9","40.4","0","0","0","48.7","a child","4","a soccer player","a sports fan","a goon","a soccer player","a sports fan","a goon","a patient","a paramedic","a cousin","a trespasser","a trespasser","a soccer player","a shop clerk","a shop clerk","a goon","a goon","a goon","a patient","a cousin","a cousin","a trespasser","a trespasser","a trespasser","a trespasser","Washington, D.C.","a man","a college student","a granddaughter","a college student","a pharmacist","a grandmother","a granddaughter","a college student","a grandson","a bully","a granddaughter","a grandfather","a villain","a bully","a granddaughter","a bully","a villain","Male","26","Bachelor's degree","High school graduate","Yes","","52.22830871265109"
"2018-01-03 07:47:39","2018-01-03 09:12:07","IP Address","5067","True","2018-01-03 09:12:07","R_3hrt1ANkeVZ5S1J","","","","","40.730804443359","-73.997497558594","anonymous","EN","Yes","Yes","Yes","3.1","-2","2","27.4","2","3","2","26.6","2","2.9","2","35.1","2","-2.8","-2.9","72","2.9","-3.1","-2.9","27.4","0.1","0.1","0","51.3","a child","4","a goon","a goon","a goon","a shop clerk","a sports fan","a shop clerk","a patient","a paramedic","a cousin","a trespasser","a trespasser","a shop clerk","a shop clerk","a shop clerk","a goon","a goon","a goon","a patient","a paramedic","a cousin","a trespasser","a trespasser","a trespasser","a trespasser","Washington, D.C.","a man","a grandmother","a granddaughter","a grandfather","a grandson","a college student","a pharmacist","a college student","a pharmacist</span","a grandmother","a villain","a bully","a grandson","a grandmother","a villain","a bully","a grandson","Male","31","Bachelor's degree","High school graduate","Yes","","44.525774754473424"
"2018-01-03 09:00:09","2018-01-03 09:12:13","IP Address","724","True","2018-01-03 09:12:13","R_3e3k4mdoeYoHha8","","","","","42.271102905273","-89.09400177002","anonymous","EN","Yes","Yes","Yes","1.5","-1.1","1.7","36.6","1.6","1.3","-1","27.6","1.2","2.4","2.1","22.6","2","1.6","1.4","71.9","2.1","-1.9","0","78","0","0.1","0","49.3","a child","4","a goon","a sports fan","a goon","a soccer player","a sports fan","a goon","a patient","a paramedic","a cousin","a patient","a trespasser","a shop clerk","a sports fan","a shop clerk","a goon","a goon","a goon","a patient","a paramedic","a cousin","a trespasser","a trespasser","a trespasser","a trespasser","Washington, D.C.","a man","a grandmother","a pharmacist","a grandfather","a grandson","a college student","a granddaughter","a college student","a pharmacist</span","a grandmother","a villain","a bully","a villain","a bully","a villain","a bully","a villain","Female","32","Some college/vocational school","Master's degree","Yes","","30.162410765924122"
"2018-01-03 08:55:42","2018-01-03 09:15:16","IP Address","1173","True","2018-01-03 09:15:16","R_1hF59ZagWO2wXO4","","","","","38.43359375","-77.388702392578","anonymous","EN","Yes","Yes","Yes","1","-1","2","9.7","1.1","0.7","1","26","-1.2","1.9","1.5","21.3","2.1","0.9","-2.9","88","1.1","-1","-0.9","64.1","0","0.1","0","48.3","a child","4","a goon","a goon","a goon","a soccer player","a sports fan","a shop clerk","a patient","a paramedic","a cousin","a trespasser","a trespasser","a shop clerk","a sports fan","a shop clerk","a goon","a goon","a goon","a patient","a cousin","a cousin","a trespasser","a trespasser","a trespasser","a trespasser","Washington, D.C.","a man","a grandmother","a pharmacist","a grandfather","a grandson","a college student","a granddaughter","a college student","a pharmacist</span","a grandmother","a granddaughter","a grandfather","a villain","a bully","a villain","a bully","a villain","Female","46","Bachelor's degree","Bachelor's degree","Yes","","15.227673078241683"
"2018-01-03 09:11:05","2018-01-03 09:17:06","IP Address","361","True","2018-01-03 09:17:08","R_2yfwCR4EJVLqVSA","","","","","26.243606567383","-80.265602111816","anonymous","EN","Yes","Yes","Yes","0.1","0","-0.9","40.3","0.6","1.3","0.7","26.6","0","0.3","1.8","30.1","1","0.1","0","66.6","-0.6","-1.9","-0.7","32","0.2","0.1","0","31.4","a child","4","a goon","a goon","a goon","a soccer player","a sports fan","a shop clerk","a patient","a paramedic","a cousin","a trespasser","a trespasser","a soccer player","a shop clerk","a goon","a goon","a goon","a goon","a patient","a paramedic","a cousin","a trespasser","a trespasser","a trespasser","a trespasser","Washington, D.C.","a man","a grandmother","a granddaughter","a college student","a pharmacist","a college student","a pharmacist","a college student","a pharmacist</span","a grandmother","a granddaughter","a bully","a villain","a bully","a villain","a bully","a villain","Male","24","Bachelor's degree","Bachelor's degree","Yes","","28.793657764045907"
"2018-01-03 09:14:16","2018-01-03 09:20:50","IP Address","394","True","2018-01-03 09:20:50","R_2SIWkuJNx8Nhnvd","","","","","40.08039855957","-74.458099365234","anonymous","EN","Yes","Yes","Yes","0","1","2.1","8.7","0.1","0","2.9","27","0","0","0.9","35.1","0","1.9","-1.8","81.1","0","0","0","57.9","0","1.9","0","50.1","a child","4","a soccer player","a sports fan","a goon","a soccer player","a sports fan","a shop clerk","a patient","a paramedic","a cousin","a trespasser","a trespasser","a shop clerk","a sports fan","a shop clerk","a goon","a goon","a goon","a cousin","a cousin","a cousin","a trespasser","a trespasser","a trespasser","a trespasser","Washington, D.C.","a man","a grandmother","a granddaughter","a grandfather","a grandson","a college student","a granddaughter","a college student","a grandson","a grandmother","a granddaughter","a grandfather","a villain","a bully","a villain","a bully","a villain","Male","32","High school graduate","Did not graduate high school","Yes","","37.02510531992304"
"2018-01-03 09:16:36","2018-01-03 09:25:03","IP Address","506","True","2018-01-03 09:25:03","R_3HYaxxKKiHf9K0m","","","","","33.440505981445","-90.662399291992","anonymous","EN","Yes","Yes","Yes","1.1","-0.8","1","37.1","1","1.9","1.8","27.4","1.2","0","2.1","31.6","2","1.1","-2","27.3","2.1","-1","-1.9","36.3","1","-0.8","0","31.4","a child","4","a goon","a goon","a goon","a soccer player","a sports fan","a shop clerk","a patient","a paramedic","a cousin","a trespasser","a trespasser","a shop clerk","a sports fan","a shop clerk","a goon","a goon","a goon","a cousin","a cousin","a cousin","a trespasser","a trespasser","a trespasser","a trespasser","Washington, D.C.","a man","a college student","a granddaughter","a college student","a grandson","a grandmother","a pharmacist","a grandfather","a pharmacist</span","a bully","a granddaughter","a bully","a villain","a bully","a villain","a bully","a villain","Male","29","Bachelor's degree","Did not graduate high school","Yes","","55.796939893112736"
"2018-01-03 09:13:41","2018-01-03 09:30:03","IP Address","981","True","2018-01-03 09:30:04","R_1Fx0ahDkRjTB8UN","","","","","30.003799438477","-90.21410369873","anonymous","EN","Yes","Yes","Yes","2","1.5","-1.6","17.7","1.6","0.6","1","25.8","-1","2","2.9","23.4","1.9","2","-2.8","40.5","1","-0.7","-2.9","35.1","1","-1","-0.9","34.4","a child","4","a goon","a goon","a goon","a soccer player","a sports fan","a shop clerk","a patient","a paramedic","a cousin","a trespasser","a trespasser","a soccer player","a shop clerk","a shop clerk","a goon","a goon","a goon","a cousin","a cousin","a cousin","a trespasser","a trespasser","a trespasser","a trespasser","Washington, D.C.","a man","a grandmother","a granddaughter","a college student","a grandson","a college student","a granddaughter","a college student","a grandson","a grandmother","a granddaughter","a bully","a grandson","a bully","a granddaughter","a grandfather","a grandson","Male","40","Medical degree (e.g., MD, DDS, DVM)","Did not graduate high school","Yes","","32.9299738870305"
"2018-01-03 07:48:54","2018-01-03 09:30:48","IP Address","6113","True","2018-01-03 09:30:48","R_2DYWGi0hsrV4Jbr","","","","","39.954803466797","-82.769302368164","anonymous","EN","Yes","Yes","Yes","1.7","-0.9","0.9","25.9","1","1.4","2.3","25.7","-1.1","1.4","1.5","24.4","-1.1","1.7","-1.8","77.4","-0.8","2.2","-1.2","69","1.5","2.1","-0.7","46.6","a child","4","a goon","a goon","a goon","a soccer player","a sports fan","a shop clerk","a patient","a paramedic","a cousin","a trespasser","a trespasser","a shop clerk","a shop clerk","a shop clerk","a goon","a goon","a goon","a cousin","a cousin","a cousin","a trespasser","a trespasser","a trespasser","a trespasser","Washington, D.C.","a man","a grandmother","a pharmacist","a grandfather","a grandson","a college student","a granddaughter","a grandfather","a grandson","a bully","a villain","a grandfather","a villain","a bully","a granddaughter","a bully","a villain","Male","43","Bachelor's degree","Did not graduate high school","Yes","","49.387945779689574"
"2018-01-03 09:27:43","2018-01-03 09:37:35","IP Address","592","True","2018-01-03 09:37:36","R_7VyT4NDzg67IHAJ","","","","","36.175003051758","-115.13719940186","anonymous","EN","Yes","Yes","Yes","-1","2","0.9","37.1","2.9","1.8","2.8","25.6","1.9","1.5","2.8","33.9","2.1","3","-2.9","81.6","2.1","-1.1","-2.1","70.7","0","-0.8","0.9","39.4","a child","4","a soccer player","a goon","a goon","a soccer player","a sports fan","a shop clerk","a patient","a paramedic","a cousin","a trespasser","a trespasser","a shop clerk","a shop clerk","a shop clerk","a goon","a goon","a goon","a patient","a cousin","a cousin","a trespasser","a trespasser","a trespasser","a trespasser","Washington, D.C.","a man","a grandmother","a granddaughter","a grandfather","a grandson","a college student","a pharmacist","a college student","a pharmacist</span","a grandmother","a granddaughter","a grandfather","a grandson","a bully","a villain","a bully","a villain","Male","38","Some college/vocational school","Bachelor's degree","Yes","","36.13763366293573"
"2018-01-03 09:28:02","2018-01-03 09:39:35","IP Address","693","True","2018-01-03 09:39:36","R_3PH9RTYMHtT4lGy","","","","","33.760604858398","-84.176300048828","anonymous","EN","Yes","Yes","Yes","0","0","0","31.9","2","2.9","0","27.1","0","0","0","27.4","0","0","0","81.3","0.1","0","0","54.4","0","0","0","40","a child","4","a goon","a goon","a goon","a soccer player","a sports fan","a shop clerk","a patient","a paramedic","a cousin","a trespasser","a trespasser","a shop clerk","a shop clerk","a shop clerk","a goon","a goon","a goon","a patient","a paramedic","a cousin","a trespasser","a trespasser","a trespasser","a trespasser","Washington, D.C.","a man","a grandmother","a pharmacist","a college student","a pharmacist","a grandmother","a pharmacist","a grandfather","a pharmacist</span","a bully","a villain","a bully","a villain","a bully","a villain","a bully","a villain","Female","28","Bachelor's degree","Bachelor's degree","Yes","","27.429067253933535"
"2018-01-03 09:33:41","2018-01-03 09:45:37","IP Address","716","True","2018-01-03 09:45:38","R_276ZHnpMWZ9As5A","","","","","35.246704101562","-106.72319793701","anonymous","EN","Yes","Yes","Yes","1.1","1.6","-0.9","35.9","1.7","0.9","1.9","26.7","1.8","-1.1","2.1","28.3","1.7","1.3","-1.7","66.7","0.6","0.7","-1.8","56.3","0.9","0.7","0.7","43.6","a child","4","a soccer player","a goon","a goon","a soccer player","a sports fan","a shop clerk","a patient","a paramedic","a cousin","a trespasser","a trespasser","a shop clerk","a shop clerk","a shop clerk","a goon","a goon","a goon","a patient","a paramedic","a cousin","a trespasser","a trespasser","a trespasser","a trespasser","Washington, D.C.","a man","a grandmother","a granddaughter","a grandfather","a grandson","a college student","a granddaughter","a college student","a grandson","a bully","a villain","a bully","a villain","a bully","a villain","a bully","a villain","Female","42","Some college/vocational school","Doctoral Degree","Yes","","30.50370795198337"
"2018-01-03 09:35:03","2018-01-03 09:49:47","IP Address","883","True","2018-01-03 09:49:48","R_RgKZfG41Nb6irIt","","","","","40.645095825195","-73.944999694824","anonymous","EN","Yes","Yes","Yes","0.1","0.1","0","33.3","2","-1.5","1.9","28","1","1.3","0.8","20.6","0.8","2.4","-2.2","75.4","1.5","-0.8","-1.2","58","0.1","0.1","0","48.6","a child","4","a soccer player","a sports fan","a shop clerk","a soccer player","a sports fan","a goon","a cousin","a cousin","a cousin","a trespasser","a paramedic","a shop clerk","a sports fan","a shop clerk","a soccer player","a goon","a shop clerk","a patient","a paramedic","a trespasser","a patient","a paramedic","a trespasser","a cousin","Washington, D.C.","a man","a grandmother","a granddaughter","a grandfather","a grandson","a college student","a pharmacist","a college student","a pharmacist</span","a grandmother","a granddaughter","a grandfather","a villain","a grandmother","a villain","a bully","a villain","Male","34","Bachelor's degree","Bachelor's degree","Yes","","30.823471510974567"
"2018-01-03 09:46:41","2018-01-03 09:56:05","IP Address","564","True","2018-01-03 09:56:05","R_12lE577pQnUiRSd","","","","","33.598205566406","-81.671203613281","anonymous","EN","Yes","Yes","Yes","1","1","2","8.7","-1","2","0.9","23.3","2.1","2","-0.9","9.6","1.2","2","-0.8","82.1","1.5","0.6","-0.9","72.7","0.9","0.9","-1","36","a child","4","a goon","a goon","a goon","a soccer player","a shop clerk","a shop clerk","a patient","a paramedic","a cousin","a trespasser","a trespasser","a shop clerk","a shop clerk","a shop clerk","a goon","a goon","a goon","a cousin","a cousin","a cousin","a trespasser","a trespasser","a trespasser","a trespasser","Washington, D.C.","a man","a grandmother","a granddaughter","a grandfather","a grandson","a college student","a granddaughter","a college student","a grandson","a grandmother","a granddaughter","a grandfather","a villain","a bully","a villain","a bully","a villain","Male","30","High school graduate","High school graduate","Yes","","17.220504853460124"
"2018-01-03 09:56:18","2018-01-03 10:07:17","IP Address","659","True","2018-01-03 10:07:17","R_111nfkFUVq0UOHI","","","","","32.544296264648","-84.920799255371","anonymous","EN","Yes","Yes","Yes","0.1","-0.3","2.5","16.9","0.4","0.6","1.7","24.6","1.2","-1.4","2","27.1","1.4","1.4","-2","75.4","0.3","-0.7","-2","64","0","0","0","44.4","a child","4","a goon","a goon","a goon","a soccer player","a sports fan","a shop clerk","a patient","a paramedic","a cousin","a trespasser","a trespasser","a shop clerk","a shop clerk","a shop clerk","a goon","a goon","a goon","a patient","a paramedic","a cousin","a trespasser","a trespasser","a trespasser","a trespasser","Washington, D.C.","a man","a grandmother","a granddaughter","a grandfather","a grandson","a college student","a granddaughter","a college student","a grandson","a grandmother","a granddaughter","a grandfather","a grandson","a bully","a villain","a bully","a villain","Female","29","Master's degree","Medical degree (e.g., MD, DDS, DVM)","Yes","","42.52507597290098"
"2018-01-03 10:14:02","2018-01-03 10:22:16","IP Address","494","True","2018-01-03 10:22:17","R_3oNr8drt6E6o8hY","","","","","43.300201416016","-86.273399353027","anonymous","EN","Yes","Yes","Yes","1.4","1.4","2","18.3","0.7","0.6","2.7","24.1","2","2","3","31.6","2","1.8","1","82.4","1.7","-2.1","-1.2","66.3","-2.2","1.7","-2.9","36.6","a child","4","a soccer player","a sports fan","a goon","a soccer player","a sports fan","a shop clerk","a patient","a paramedic","a cousin","a trespasser","a trespasser","a shop clerk","a sports fan","a shop clerk","a goon","a goon","a goon","a patient","a paramedic","a cousin","a trespasser","a trespasser","a trespasser","a trespasser","Washington, D.C.","a man","a grandmother","a pharmacist","a grandfather","a grandson","a college student","a granddaughter","a grandfather","a pharmacist</span","a grandmother","a granddaughter","a grandfather","a grandson","a bully","a villain","a grandfather","a villain","Male","37","Did not graduate high school","Bachelor's degree","Yes","","19.25740164733897"
"2018-01-03 08:56:30","2018-01-03 10:23:45","IP Address","5235","True","2018-01-03 10:23:46","R_2WYwR065ilIxJ6Z","","","","","29.942199707031","-93.878402709961","anonymous","EN","Yes","Yes","Yes","1.7","-1.6","-1.2","69","1.6","1.5","-0.9","65.3","1.3","1.3","-0.7","62.3","-1.6","1.1","1.4","94.7","1","-1.9","1.8","72.6","0.1","1.5","1.9","42.3","a child","4","a goon","a sports fan","a goon","a soccer player","a sports fan","a shop clerk","a patient","a paramedic","a cousin","a trespasser","a trespasser","a shop clerk","a sports fan","a shop clerk","a soccer player","a sports fan","a shop clerk","a cousin","a paramedic","a cousin","a trespasser","a trespasser","a trespasser","a trespasser","Washington, D.C.","a man","a college student","a pharmacist","a grandfather","a pharmacist","a college student","a granddaughter","a grandfather","a grandson","a bully","a villain","a bully","a villain","a bully","a villain","a bully","a villain","Female","45","Bachelor's degree","Master's degree","Yes","","38.389166821583444"
"2018-01-03 10:23:46","2018-01-03 10:30:55","IP Address","429","True","2018-01-03 10:30:57","R_2tale2aOugoZ0rt","","","","","41.261505126953","-96.052696228027","anonymous","EN","Yes","Yes","Yes","-0.4","0.4","1.8","17.3","1","-1.4","2.1","28.4","2.1","0.9","1.2","17.4","2.1","-0.9","-1","65.4","2","-1.5","-0.5","54","0.1","0.1","0","50.3","a child","4","a soccer player","a goon","a shop clerk","a soccer player","a sports fan","a goon","a patient","a paramedic","a cousin","a trespasser","a paramedic","a shop clerk","a shop clerk","a shop clerk","a soccer player","a goon","a goon","a cousin","a cousin","a cousin","a trespasser","a trespasser","a trespasser","a trespasser","Washington, D.C.","a man","a grandmother","a pharmacist","a college student","a pharmacist","a college student","a granddaughter","a college student","a grandson","a bully","a villain","a grandfather","a villain","a bully","a villain","a bully","a villain","Male","28","Bachelor's degree","Bachelor's degree","Yes","","29.379843097967058"
"2018-01-03 10:31:23","2018-01-03 10:40:06","IP Address","523","True","2018-01-03 10:40:06","R_a2V3AhTPdIkyvuN","","","","","40.335601806641","-79.55069732666","anonymous","EN","Yes","Yes","Yes","1.4","2.1","1.4","12.3","3.3","-1.6","3","27.1","2.9","1.8","3.6","29.4","-2.8","3.6","-3.1","76.2","2.1","-1.5","-1.7","57.9","2.1","0.5","0","38.2","a child","4","a soccer player","a goon","a goon","a soccer player","a sports fan","a goon","a patient","a paramedic","a cousin","a patient","a trespasser","a shop clerk","a shop clerk","a shop clerk","a goon","a goon","a goon","a patient","a cousin","a cousin","a trespasser","a trespasser","a trespasser","a trespasser","Washington, D.C.","a man","a grandmother","a granddaughter","a college student","a grandson","a grandmother","a granddaughter","a college student","a grandson","a grandmother","a granddaughter","a bully","a villain","a bully","a villain","a grandfather","a grandson","Female","35","Bachelor's degree","Master's degree","Yes","","33.747368699812185"
"2018-01-03 10:48:00","2018-01-03 10:54:04","IP Address","363","True","2018-01-03 10:54:05","R_3JgFWlYg5XFqbKh","","","","","33.400100708008","-111.92900085449","anonymous","EN","Yes","Yes","Yes","0.1","-1.2","1.3","16","-0.2","3.6","-1.1","24.1","1.1","2.7","3.5","19.7","1.8","3.4","-3.4","83.7","0","-3","-2.4","76.6","-0.1","2.4","0","45.6","a child","4","a goon","a sports fan","a goon","a soccer player","a sports fan","a shop clerk","a patient","a paramedic","a cousin","a trespasser","a trespasser","a shop clerk","a shop clerk","a shop clerk","a goon","a goon","a goon","a cousin","a cousin","a cousin","a trespasser","a trespasser","a trespasser","a trespasser","Washington, D.C.","a man","a grandmother","a granddaughter","a grandfather","a grandson","a college student","a pharmacist","a college student","a pharmacist</span","a grandmother","a granddaughter","a grandfather","a grandson","a bully","a villain","a bully","a villain","Female","22","High school graduate","High school graduate","Yes","","39.343628641297954"
"2018-01-03 10:48:10","2018-01-03 10:59:53","IP Address","702","True","2018-01-03 10:59:53","R_8H22IIOTeQ35pqF","","","","","38.368499755859","-82.424499511719","anonymous","EN","Yes","Yes","Yes","0.7","0.2","-0.1","46.4","0.7","-0.9","1.1","30","1.8","1.3","-1.1","39","1.5","2","-1.4","69.4","1.9","1.7","-1.6","67.7","0.1","0.1","0.1","50.6","a child","4","a goon","a goon","a goon","a soccer player","a sports fan","a goon","a cousin","a cousin","a cousin","a trespasser","a trespasser","a soccer player","a shop clerk","a goon","a goon","a sports fan","a shop clerk","a cousin","a cousin","a cousin","a trespasser","a paramedic","a cousin","a trespasser","Washington, D.C.","a man","a grandmother","a pharmacist","a grandfather","a pharmacist","a college student","a granddaughter","a college student","a grandson","a grandmother","a granddaughter","a grandfather","a grandson","a bully","a villain","a bully","a grandson","Female","45","Some college/vocational school","Did not graduate high school","Yes","","11.21207678905038"
"2018-01-03 12:47:25","2018-01-03 12:59:57","IP Address","752","True","2018-01-03 12:59:58","R_2477GIwqBmCR17A","","","","","32.795196533203","-116.96710205078","anonymous","EN","Yes","Yes","Yes","1.9","0","1","17.9","1.9","2.5","2","27.1","1.6","0","0.5","28","2","0","-1","82","2.1","0","0.6","55","0","0","0","49.7","a child","4","a goon","a goon","a goon","a soccer player","a sports fan","a shop clerk","a patient","a paramedic","a cousin","a trespasser","a trespasser","a shop clerk","a shop clerk","a shop clerk","a goon","a goon","a goon","a cousin","a cousin","a cousin","a trespasser","a trespasser","a trespasser","a trespasser","Washington, D.C.","a man","a grandmother","a granddaughter","a college student","a grandson","a college student","a granddaughter","a college student","a grandson","a grandmother","a granddaughter","a bully","a grandson","a grandmother","a villain","a bully","a grandson","Male","38","Some college/vocational school","Some college/vocational school","Yes","","33.58110241139799"
"2018-01-03 13:07:47","2018-01-03 13:23:10","IP Address","923","True","2018-01-03 13:23:11","R_O7gcm1aIb4ng78B","","","","","41.669494628906","-91.513298034668","anonymous","EN","Yes","Yes","Yes","1.1","-0.2","1.4","35","0.4","0.1","1.4","21.3","1.8","-1.9","0.8","33","2","0.1","-0.9","79.5","1.2","-1.5","-0.8","64.6","2.4","0.1","0","50.4","a child","4","a soccer player","a sports fan","a goon","a soccer player","a sports fan","a shop clerk","a patient","a paramedic","a cousin","a trespasser","a trespasser","a soccer player","a shop clerk","a shop clerk","a goon","a goon","a goon","a patient","a paramedic","a cousin","a trespasser","a trespasser","a trespasser","a trespasser","Washington, D.C.","a man","a grandmother","a pharmacist","a grandfather","a pharmacist","a college student","a pharmacist","a college student","a grandson","a bully","a granddaughter","a bully","a villain","a bully","a villain","a bully","a villain","Female","26","High school graduate","High school graduate","Yes","","30.70327541108785"
